Name,SHA-256
a1688.mp4,2085a3ad9d02fc93e90675dbb5d39aa719191a14bb2ed3510c12d3e886190a67
a1689.mp4,dec09748bda5d2c3a28f5097f9ba9697a4cf8fd362bd97552278d3166eda7804
a1690.mp4,60672231fb79b998cbd7eee0751b434f7bbe659860a14278625e234e3ca716dd
a1691.mp4,0711778822c4a65ea4ce8e975e53a1bfedd4de10a30c5cd5485380adfa1f5d52
a1692.mp4,dbb7e540c0736be878fe4dc3490aa18a2d26465cee64ddea59b770c1f4a12c3a
a1693.mp4,4b13e1556af57ba31179d6d2c88b6ddd5d011fa1a1a2946c6b9069e560ae8441
a1694.mp4,7e0abdc46c15bbbb78d0ee3120a1b34d884a64b6406e9011ffa94af74f6e0b00
a1695.mp4,83369c0309257f2e95443b3311a2feae53f5bb36bf9407493a3ca187f941f94b
a1696.mp4,e3d4f0e65fd38cf23f0890b119ee0d6b38c4448ea586258b96c9cd2b7db6b631
a1697.mp4,1b433bb4345b17cd2acda8a47fa2fea6c6652f65c2e320c4274d6d4a20d23f88
a1698.mp4,9ee7eb4623a01847a442ae1bfabf989c6dc409dc320e3fcddab31fbb3bffe78f
a1699.mp4,05144cd34c84e805d56a5d5c9e235760b92dab85a5b2be3178fdc1d77f259175
a1700.mp4,abfcbc6234cf78e63bcab149a6e8b7871afa95b45bfeef40d599524a23c21453
a1701.mp4,2c37a8055a8dcc1e1e79bcaf76cdba3a7e3b7de441cc6842d770622836513c16
a1702.mp4,10542b85f24627ac8ec8bd6a0f1d84ca7c2f2d47760f246381f9ccbd89984339
a1703.mp4,37458bb816cdbed7fc0564ac5810c5fb813b47c28eb399aa80c61cb1827c8a6f
a1704.mp4,1665af46d76b5eda6e17dd9f8ee0a8681f5ff8d24984d38024b6c44542cbaa55
a1705.mp4,0bf5614a1d29367f562482400a3e1cca41f603a7d3b3ad09a05521c99c718f6d
a1706.mp4,a38c4cd13dd497d81e59ee18d47803f51f77917d164ecba574135589c737c33f
a1707.mp4,768d5427931872fcf2d616589a627d9761b119eecd3ab0a754fbe32e329ff928
a1708.mp4,12ef82345ed6b67a709c5b74540e9e86bfd835fe77f9b4022e44a90946c71ab3
a1709.mp4,acf1f77a06cbaffaa7363f05ad2e3806283ab9e579cfa9455bfd451ab930ceeb
a1710.mp4,bfcb811463d36700493299f1e44b1d6b71473879239bb3827a7e9ce42d751d17
a1711.mp4,d6360cf506bbbfa0f216a445b109f67ed465a49b5f8fc592c0639747b3c86044
a1712.mp4,6ab4579cc8018f9806681a51361ca7500f0a0fd7be45c7f31d0c30f1258e0a5f
a1713.mp4,a104ecd4bbda1fcf72d4b5f7abd1d10f0ea3bce3204b36c611f081ae1ac8dd2c
a1714.mp4,97b6383aee2e0584c0d4c55907d50022df15783b3260ad839945f486fa24ef22
a1715.mp4,1d0dbf61eda7c567aabfeb91f8e998ebc2959a596035c8b2abe322d19909c84c
a1716.mp4,8fd81592e31ad126a22debcfa3b63298e5d27f5a210eecef7a34965d0a7ce66d
a1717.mp4,69cf55a149318fff3c75fb47c9f96761c71964f779e80305336434c4f8445436
a1718.mp4,91c5f7bb7b6ab78ef7b6f318948a37250aa2adc44c74cdcfc0e79a6652c4532f
a1719.mp4,e6bd39fe92e0d38233dbdead07a899b9d02c56bd9b08de7a3bdfdaef13a8e727
a1720.mp4,650a5372a08cbf6a583251da7a5a2846d2b496ae8b577d8d03927f13272c231c
a1721.mp4,fd0e899bbf74e4082e278f676c51a02678161970b23e577f24b63ef8707944a6
a1722.mp4,0b1f8a84cebd37fbe60ba2721f6e8a89d7b67db56e4f46ebe2b20a819ea7498d
a1723.mp4,7f7b6c79cfff19c6c9d05db319a80a6bd2aa715f9a01699fd2ccd246cf148e1e
a1724.mp4,b0f517edfcc828ce65ac7f1613cbd1256b12083d532c0ffb75b37222d5b74e7e
a1725.mp4,9bd25c03d1f1f2ac1c76e66a8288881160f06576a3cfc5e006af11460a54a0d2
a1726.mp4,89d7b3d77268d80569c24c24b9ef7ddbb87c13999d6b866eaac2bfa421027f0d
a1727.mp4,01d4cfe295082e5c5e2be0f2a055532b56bcdba6dc12d1b1f6f10727ff16b0a2
a1728.mp4,810992d6e77b79a8a6819b7543ccd0d47428ba67a31eae289b7e77325e66d5cc
a1729.mp4,e42dc24a4f077dd1091ebf6e20b8c364e381079520b912caee289aa24a1c1793
a1730.mp4,e306b90c356c84aa5c8c6f183ed6d5dc9448e5135eaf31a8d10a37e1bba4599e
a1731.mp4,553210c3fba9811072ccafde58b1e18adbd9563ec03ebdd30267a6be65c46cf2
a1732.mp4,9c5e7562f7614879a34207ce09d03938100e4bc1afaedb0c5964b8cf151499f5
a1733.mp4,8597c26f43ccecb350e8e89618f9a63e447a88b9b3ab30f560b1c56352816db8
a1734.mp4,beeb63a057ad358231e3258bc19150fd3f00c876f881ef475a742f47fb9e7050
a1735.mp4,45f5e47f7c5c50c4b6f23f6941b4b5814110f59f06ae7a97d52dd9a396d06452
a1736.mp4,0584e624d7ce77ec692a63cc7176730325e9a925b23136630b1d492ada1df39a
a1737.mp4,355325b3d4aba83f5e45a4ff6c267d9f31ca6cdd89c0cf13af0bf02f54f5fd0f
a1738.mp4,ecfa15ac5d77afc74b5556055e1ea1d552b42337d6a41dfb4cbe39bb3409d21e
a1739.mp4,d4b337564cf5ab12ed43150c8e82e445d3ef27a86ab5efa62fb6d020e1671c5a
a1740.mp4,c97ab98b2863c1ffd9e58394ad364881e5f731402d130f72ce54a9ffb8210eb8
a1741.mp4,7a8646a3379eb169cfa67633974c90e52f65ecabeaa4076e93c9e7d723e2de73
a1742.mp4,41c5621ca08861f3b68d64c3f91b604bf3822239fad8f7b29f2e8594b3b93934
a1743.mp4,0b638d865a55cdd26401074a5d254e985ac32dcd049bb984210288345290c011
