Name,SHA-256

a1.mp4,4a3b46710c88c98a83ac00cacdf2e8e709e13052a892ef93d77641a4e665e3ca
a2.mp4,f53bbbfac8681621546b122c08c4776a25a5bc9144be7040b92182304ee68df1
a3.mp4,fae67f45076e342d9078b7239eb1e770cba88ce9bd55b05007621710f180deb3
a4.mp4,00faf5e0a5d7a2c3a5b438d1e7717f5f85bc4b04a7927c3ec6c0c9c8a25b11a3
a5.mp4,8706e7beab06fcf7b5f2b324db479136b28cdbe6c758b8e870055dc6c8de03f2
a6.mp4,6b1c76032b11f14dfab1b54f3a99870bf55a22cc274b71a9271c2f4076bdf8bf
a7.mp4,ee55c9b5b88fc4fef65a3e469ad1fe1c3bbc53e09c7303334f4dc03b8c86437b
a8.mp4,c08605e3a97ed83d7076d4cd8f13dba4e0e4a657d2d4961aebfc468a3b601b46
a9.mp4,acd5f98c33569ac02423170242c9ed0f69f7f940628432b9bf36408fd2367e0c
a10.mp4,0837c8891cd56a46746712fdba1c6a8f7d86b6eb5dd9dbb1932c38af24248129
a11.mp4,81cee34980ce0cbc984e716c8dea8a938bbdc56ba68f1e0324399107359638f9
a12.mp4,7c70f9d2eaae224e6e8985d08f2a44a931e045741ff31758790a76834099c134
a13.mp4,bb11be01087d93da73a713f8650d7a07c00709271ae5d77300275b46f582c692
a14.mp4,386f6575b352a1b496d32d6b62e2502149597035f8fc41b68522628b0ded7d9c
a15.mp4,96f364612a2519212b61198c28ad565d7e23f75ba7e3e37956cd0c42c15bfd69
a16.mp4,b71f7b9b47d3bcfbfd7f21189ec87540071ce3d215757ffc09ab1c6030ca4e9a
a17.mp4,53d8c0195632c6021fdfd445d95dcb2fe8b5cc6c4ffb80bebb472239f6fdd5cc
a18.mp4,0410f97a886da8a6e7cf09421f4480709cc965dd78868501afafa0ed5ee290ed
a19.mp4,f07d1bbb3900b2809cd2ac19d2beb85076ec6433d6727f875eff2cc4d99911b9
a20.mp4,e5f7b367cd27a16119caa2a367712c54c1a957f242413cfe297e6e2825795259
a21.mp4,710d217ac84441dab21d534aad77540695f94dff5a4dc5325673df7c238346f9
a22.mp4,8a5b7f256dd2f83d89e9a83c674b872457e407d353178c40f8267e1d8d8520ab
a23.mp4,23dd0564acd72e421c3acad32d98f663782e9793418cef7bdad1aac786b2a2e4
a24.mp4,ab9b69bf1a3d4427a3803e5d4089b83eacf519cc933c098b709fca53aa6676ed
a25.mp4,15e2d9b34339646865cd3140206ba6f21485c01b075e4edb1ae6af7c3a236b85
a26.mp4,5ec7b66bd85192e4e78a407629ef0a149c66da4de6b617facc5c4f2fb0015689
a27.mp4,331846bac7d054588e4d742884344c910fe2fe81990fc847f5ae57a1e92c3ff8
a28.mp4,78f19f9ad727974ea58799da1f61d32eb0dd240a2bf7a1fb9b2227bf5962ddb4
a29.mp4,c15865342a0f1258199e2703f1699948680fbbc9301df27d6671e78a670918b4
a30.mp4,9636fda19c054304063dc70e4f75d2ae9b03aabb529d1e72548c336be7fef321
a31.mp4,04448b20e8b405edcd0950f9c804a6ccd3ccfbed841b058da8be1b107136b11f
a32.mp4,b82807a7b6265d8cfd30a530d3e4b4b87970aabbed1dd89de4993e24cd9644a8
a33.mp4,51e6d4decc2b622acb16fede7442719760cd0400f27719a4b345b76f776d0463
a34.mp4,20001053f870148303fed8822b6d82966d11a484abfeadfb65c0522ffc2fcb2b
a35.mp4,1799bfeaf612d1b09a443cdc4901b7e614804c198bd4e10da78a58c391e75f5f
a36.mp4,cda98a033f12993c45a694593f69754d939fd03baddd1d2f064fd7ef30f92997
a37.mp4,76890dcb9bec63ffbf45390c4d7cf1997d03846b97bd36b4dd7d6afc5b02e97c
a38.mp4,fad4f43e7837797223fd6e69144cbb05ba737b7c25c0a3f4dfa625a25cea4555
a39.mp4,06c9f3d18cb1df6238a3106401f2d6bc10c9cf2339df00f74647cfc9f58b7b02
a40.mp4,708b09e38be0dae4f631ddf23770957b7d008d833b4fd99f7be819810b7b7e40
a41.mp4,3da540db09d0ab94918642e39fe3fa6569a2f38d56a2ba929a5fddf3e8b8ab1d
a42.mp4,78543a7bbef878be8668bffb9be00e1980db073ecd6b94364c1ac89f96d58736
a43.mp4,64adc0ae8f3748424921adfb7a84a16990218aba481b0c6fba023c0b584435f4
a44.mp4,e42dc24a4f077dd1091ebf6e20b8c364e381079520b912caee289aa24a1c1793
a45.mp4,8d818753100264b4b9c5daeeda1f40f3855e66ffa63a049a5210480cef150c60
a46.mp4,0a0df76e76b7660ac032ab6961956acbb231a8f4881372e473629f061b35f4fe
a47.mp4,8ac681f8e41a143e8f80e6714ab7d0dc2976de9b6287f9389d5839e9d95293ae
a48.mp4,1b97ae6d795bbf35bb418ee8ebc0ee4e031427feb1c0439cb7e2744149940fe2
a49.mp4,c444e60f1f86211981fbcd51028727429c468d1fb31b66c6b674f7b0263dda1d
a50.mp4,f9bff6e00f8f88b90f852341b5b6a99ec4e5ae9e4e5039ffc4a3396fbe846a0d
a51.mp4,d5280238c59a7a430046ff36144652eb0c91af4cfb68a2ff4f03f8e7e877e325
a52.mp4,c7463cb7eef459b3cf3f1a0e712e8b48062d3bce2d81e9b3597c72c12419c6c6
a53.mp4,3da8fabf7ba8618256083c4a99f6df8b1b95aa7411647f0861423618b29486a0
a54.mp4,cb44f03096ce67ca724337e6a2ed930ab0db1d25497b613fa0f9369b268be75e
a55.mp4,f245605f18bd26e294beaf4e97a02c14800a51cfdb5c5f7d53b386a94a036134
a56.mp4,fe32133ca98f5b4ab9bb5584d6996c2a36bfd9e22679c8d28f71a59069b1ba85
a57.mp4,8907dd1b7902f8d95f627d0d853e9bc62512440c95ac321ccd71b2cd0e45465a
a58.mp4,a5ffb4df918b9e41440fadc1a3190e5eec855d8ce985de1ad4ee232624382fa1
a59.mp4,744466049a686057c70859fc88776747c1471724441c90bb67cfb393dbb6a1c6
a60.mp4,4ca5f28c3bfa29095df0d41d76935ca1b16436b8d10be9a013028538f20a284d
a61.mp4,c4e6352b4cbf9e80b8a7e8774d8ac5a9603e1a9dacf83d9da92c15d92510d547
a62.mp4,b5788b29cdc47b793c4fc105777f80c3c307fe6e8095e9b01f78f28a5540a8f7
a63.mp4,ff14686ec2bc1a9391e1bdbf306f7718826141f9442b0a901b07370d9028bf9b
a64.mp4,6149e29c935f1cd4f64f80902d13d2cc29ebff150c31ec68c1b82bb0d9759b20
a65.mp4,dbed49de61fdb26e090bd73983ca90efd5334eb3cf955205299987e8c29d0106
a66.mp4,56474c616fc4d9ce5a5478117032e11eda0ed9f97f239b0e736b2ee3778a07a5
a67.mp4,9557026126918440880f76a1ab25290d8727b78c5e4f9cff1c653acc4a725b0d
a68.mp4,e10cfaba203a42935a3895c49f770d117a6d5b2b282f0d3d49d583398e09fa3c
a69.mp4,3317805735661e6d999021c4b7c3be28419b8de1dbba0f91a6519b5c4d324e10
a70.mp4,f951701a2566593e1254957ad7820a43666e5373df5518fe95aeb600de88e0f8
a71.mp4,1eda70a32821e679d86ed03e3da8c27667b2063040c20523a9fb10ecfa2106ac
a72.mp4,248c0c5253c93c3aac84bd32cf3828dca8c0d5ae6a0149e0a38fc54953699d1d
a73.mp4,b23b3be37c8fba7d0cca349ed2ded1fdf3d1a0e941d5d45f2ab768bc8d5c3f2c
a74.mp4,9410835b5f9148b9a605bf32d4bf4a1c9c695404e6390e8790e865f91a4c0c9e
a75.mp4,27dba61dbaf174b0d4f4ab6b47763ed359618de3e90e87400d2147acb8025d5d
a76.mp4,9f86db2babe97a7138e90667a6cf5cd4258edcf5dee2f1e8704518c5a62e2116
a77.mp4,79b0b8512c20bc7c1fc6b893c41cd8bb25d73d108e1b8554971cdb062e309193
a78.mp4,2a1255337ac16d358e2c0f25b8aa183c8544be0a4896174a2e42fb2dece4dda0
a79.mp4,817e217cd496c529ea35b4ce9651068b90baf581f1deb8ab7b8a8ed5c491e40f
a80.mp4,ba6fa8526e1eccedd5cf6bbd3b56db2290346df18597c1cdca5aff3a4419a3e5
a81.mp4,24a897680c02ce1520a01aed401c4a8aef09b67fbafd6b982ce563d5cc2317d4
a82.mp4,0b5f01f0d64fa4913308c12f90e9d53e2e2e7eb46c336aec25956b3a2d0066bf
a83.mp4,4162ecfc65009a3e2e5741b707d7600dce567be949715e82aa6d5067a4f8d644
a84.mp4,d43ebb17334a097571e99de411d3b5dbdb309457f883a3f98d07263db7d3612f
a85.mp4,868a516d20fafa1687dcf98fcf58522e59dd62a74422cf5e9fa37a9a27cbe929
a86.mp4,26812d3fcb674dba59aa00164f9b973f4761258ae728a440d18af9e8af358414
a87.mp4,8e274390744f210b8b4e7f85e10f4661327163bcf15a27c331a41a406222ca4f
a88.mp4,e81c2fdae31bd74b2274d521e5481431e285644ec967c365e2e7dfed4569f5be
a89.mp4,98fb5f2da7faaa8b1a87bb3612161778f7fbbe8bacdc562f6d6e93482c7241df
a90.mp4,e3a814a59944918cd8507720a6fb75a6241559f5be50cb660ae275e19ee50127
a91.mp4,5e4c4c9e0e3e2489bb8f4889deffb778c05f6c349091b8c3e10b4aa5e16149fb
a92.mp4,eedb2d03bea8d0787a1dc3e8be65dd705e4b24528b9f015f8e45f7a3ae1b3224
a93.mp4,2064c3c5685db9b745ddb8f340f2189a442a4b709a490390d828d5305875e3ba
a94.mp4,dfbef958c9d611a5ca8ba424a38aaba8fab484c52e705c71ee1031d8dbc7f061
a95.mp4,0257ea8d717f2b93431415734088b9741264dfb817c5462ee545805cafe97a2c
a96.mp4,d113111a05cdfba166267a8b311a163d18e3a78583dde6e1c08060ac189d6724
a97.mp4,d177b7bb50be3e7c1571396c7b5d607635140509fac2f93fd318b68d68a8b505
a98.mp4,572bc7431a8ad317197e87921585f0be95d9c94f7470f496c8b1856d232c0fd9
a99.mp4,81c818e21a34ffa824238c8f65f7885022ad2db758950fa766aa5dbc784bf788
a100.mp4,e6d057b42066fbe1410f4c75bed674012e5d46c25df72ba39667028cb8608fb5
a101.mp4,d9aa65a73d471bb08868ce64c65ce53168f0017b6fb1e88c47fdefb6492793f2
a102.mp4,4870db0e9fdabd66b1e273d91fdb049b5901cf476de464314db775a2f78c158d
a103.mp4,1abdc326dfba7262a24a33ca42ccd026370351a2c7f5336311bc3df178b01608
a104.mp4,67efa7baea558f18047f84d7e42827156989a58fa8502ac5d37cf08d4f829266
a105.mp4,921b6bb3a068c16a3609a6119b7bf021ac6533d2819dddf6aec62a0feebb0b4d
a106.mp4,020ac9129efa1632267409ef1f54f2a76fb66a5641486523609c1b4fbf1315f2
a107.mp4,157f22098640733cb051b7feee5fa6daa924fb8e3791824c9cffceb1de754b55
a108.mp4,52731a4fe748bfda7ad68e37b7ac25c04e8b2812184c20c599470205c756bf91
a109.mp4,b6ec533665ce17a7e512c2e16ba0aa4074cb08dad8ae0234211027668de626ea
a110.mp4,125484121d38fab10f5afb89ef0c0b9bc28f6d4638aca285792594ece0085a49
a111.mp4,0d01ca9f0f638552dea9b23ef4bbab77b98e476178fc4dc92c8e6ad11b6dd89b
a112.mp4,064488da08b68553278b93d5aa2162bdbe95c2d871d54095f24598e4f044cc26
a113.mp4,c9c83f89662c4080b767f3a84ee2bda9dbe01f3bc3fa92c96faf285c202b7b0a
a114.mp4,39300f91c1e3ee40d6a113ce172e626013cb8fffedf22f1f7980ba71922e57d2
a115.mp4,d9e392f50d870cd1ce33cd96d0cbc5d76811142b6999c8980e85f19259215901
a116.mp4,84d289a7d654958fab158d8e56dadae6edbe9227fa7ed35b81b1efd9f6c12a07
a117.mp4,149dd60d0def44afa95df494c9cc6623df941bfdc5d87891575020ed72a5607b
a118.mp4,5eb4d43724caf1e8f624a79d4130d50ab9e65b7b8e8f55218d243248290bdc8c
a119.mp4,07b0ed72c12ad26bbb1dac75b064889c81c3e37e97090a18f1d62d19460b43b7
a120.mp4,1c8229031caef8302e35ecd8afecede991bfd291e6556bcc247b2e7e5f9e9b22
a121.mp4,a063603a46720d0408815f1f7f2c8e1009ab795febfb5748e555418510db2717
a122.mp4,bc4a029a9955fab149c0fdd9f5d3c68b141f90c3f8056737c8cd0b7c33423ef1
a123.mp4,8cd8f946643ef08ea3192fb724f4771550ebfc2920150c91c39fd4ac7d73bee4
a124.mp4,66b21799e4b207300856c48d558eeb0cdcb63d3960b91ca71b1ce26ea9e986b1
a125.mp4,fd6c3c349ded6880422ceaa3d9e0e1c61655ff1714f476b1a5d24d2d19477303
a126.mp4,5ac6347c98b222a869f9e814b1eeaba38dcdd319811990524e96186629828d51
a127.mp4,60d9255cdd49bb705d77fdb292992829f62560039175b5054e7410ead46443d4
a128.mp4,eeec4909d1ab7ec7f21ebe050a9fce78e7a2eb3222cd9e943349ef8eb76486b8
a129.mp4,5a8a03be75824c609b579d2b51e01e67fc37a34e314ae9face281f34211bee83
a130.mp4,90b5e17f54d8935955c34b4c6d828cb40c5eb8a79bb1ae33ee789b42f6b6022a
a131.mp4,dc2d82ec9e1983d950eaaf0c775d3d8b7662a93200e12b908ffd7dacf251dfcf
a132.mp4,bb9a3c8d116c2ff15d5aa55cde4875e33d4bbfd9719f2e3f36dc8acc2ef51a4c
a133.mp4,e41595797cdc8fd8b49dc2d66094dd62a94a9f0641ecbf4538fa5bee1637970c
a134.mp4,074083c9221620f31d181f7e00d6afb5fabc727ecc67441b0fb241201e0e467b
a135.mp4,671c6d5fdd27fe50b110349bec7da6a3683e14da5dcd4f1d6ed67a9bba3c0dac
a136.mp4,76d1dbab6a7dc07ece4070fdeaef038d4f1235df32f5e094e98fbb4e1c4c5f8f
a137.mp4,aed3cd2d413fe76be9b730235dcf59888bb2628724dd441fd5411c5b7b0a260c
a138.mp4,8a8c22de24792e2f072fd8d5b382ef74a45f4724c64bed74eb5290b43bd0e59d
a139.mp4,d56f591a310fadbe0fdf62a5a1b86148078c65a292fa274478be4109061a09e8
a140.mp4,d4dd25a472712e49e92714ac9b58855fecc18269df3d44de53c81ba769e31feb
a141.mp4,e35ac65c18ede8920ce97233124db357614fe3adc7786c9afb6b4e74983de4b9
a142.mp4,4260d3dc2132228cf00f1969b4499e5771b6280e41e0803fb45c7ba709e78fb0
a143.mp4,48983a4b6f6059a144ed7efa9335372b147be60477e204b59181fd432a68c2a3
a144.mp4,5acba93b97750ea21e126d5a23176e9d5a782c891a2f8dd3bb3e8e06e50329d6
a145.mp4,b13781be522a37988119a041348cdb11c88be43cd80505c13e0cf74be2c67419
a146.mp4,7d8162231a2c01eb02e4ae2cb948f0482df79deaec9b6100e7d2f21556b71d9a
a147.mp4,841b1e1436f4400537e2e3d835a5cd480598411c684d19c16efcfea6a272a500
a148.mp4,6e519962e1f3f820d2734b4762397aebad969715483f974bef6a0afc93d8d3a7
a149.mp4,1b08100de5e87d99653fa5b8e5a390b124e3dc4f404fd51db0dbe8606ad269dc
a150.mp4,4649236767e48e4e8c29e64c4f3b54b9cb724114abb15e0abb145ab7cbc33cee
a151.mp4,fcf4a3c04d9882cc1e90334268d5e7f5201c171f150a8e76104ee302cfd446a0
a152.mp4,470bbe1b1f104d14b578bb71baf2dd4ce1c540f04b990314929b41a43122e9a6
a153.mp4,529e6ed235f138419ffa4f0ba29f980bd7946f9814d058585e2db67353bfca26
a154.mp4,6d0576a3246191cceb62548a439d9e80c042bf03c6f2b4df8a1c14e0d6e80b02
a155.mp4,f13e295449828ed2edd6e4c74f69e3dca81fc1f6028cecd4051ba3e2165d1565
a156.mp4,59be9d0b4fd47e92e9977c08bb36ba5df9d3cefbae94ac6e201402e1eef33deb
a157.mp4,b76678f7ca2c5bc2483da1a09b3f90627666acc117bbe0f49b001d4e2efb8d8f
a158.mp4,1fe995536be4a2a0d1468d864850ccc1735fbe12b59aab4add17fc46e4ea1a52
a159.mp4,c805d4c418f2277122082695949546e5ada64a31ff03f53bfd9c8e40c2ff9f4f
a160.mp4,1060cc9b1dae841477032bd06bfad6a3f52da877a6910cbc8a6b4b0611a97e17
a161.mp4,74614f327bab75fad20714c698d3dc0ec50be683a006ddca4c1d93ae8a33b782
a162.mp4,f8337bd6a58c5219aadd86f415403a4371f42502a524a351f82d69a0c452ff4a
a163.mp4,9d37bffefd337d4e4640d6174a974b752e123f8b7cd44f0c6bbcad7780668663
a164.mp4,0cc3bb3d1337ba7989a45b03cffcfbb50f3e9dec28b3f8ae80283f8280d2b67e
a165.mp4,f40ca2e72412c149b768b40c456a8efbba4e2cb6cc565934ca2bb2bfbdc094e6
a166.mp4,3c0a3e99d7c16857ab90cfc3cd9ef0a71b7c7907551903d06dbb7f3db11f5704
a167.mp4,ad69c52cfaf5b048a9246f763b115e422b014ae597c4c84c54ade98263db0efa
a168.mp4,16bdc78aa42ae70c3fe622345e1372abcfb6640eb7da1634f8fa377967422e00
a169.mp4,d7b52111d1b109517a17497fcdaf2af5bf553c23f3a1fe866fa0047343942535
a170.mp4,46eb85c86c05b989742d24d02e48375d98e05773500e9d37e3f7ac36279bce2d
a171.mp4,1500843156eb8d45aec867926b3ccc620b4673335c08215ed008000174733a0a
a172.mp4,8b1729f271a27788915720daf69d87d4ba3fa801be093959f3dde42f3e06bf04
a173.mp4,ac1f3d73b80a6c280cd36764fee8129d3ace9899fb0bcaf62d18127a3a9c4cb9
a174.mp4,3f8ee0a62b7509bec8dca9e3c4a67cbb6817dac73c7734474d6738b807bdeede
a175.mp4,738030b8e8426bf39caf038a26ce264ee07e01a81f79e9a347177d6eb4f1a06d
a176.mp4,1c99374cb53877be2e8f3099fc4a28f8668ead0c6fdeb2444894add939d332a8
a177.mp4,f3876582cc064d7b16a2ebfa8cbb97e4d4f4d56c7dec3409cbe739f4273d9791
a178.mp4,99ea16025dce968dd847317ce3220e1b5bfab208c2b47bf1b970b63fd0caf47a
a179.mp4,4eb06cf3df66faec95c7669cb7e060ba0c3689fbca35529da91b68d4552327ef
a180.mp4,a28ba4d1477abaabb1faf6784e10f7a365e0b2be774814140bb6c2f2aea9d229
a181.mp4,706d5815cd60d4965921cd02ef3f23be6ab1092d7f733f50927abeb6e9b2991e
a182.mp4,d87151cf1fb4450cdbe84a5267ae2d07f2e44d1d870179856f1045874d191c61
a183.mp4,2fbfd7df9198d96b82b26cff1dbb8988457b357a13753c832367d79ec0905c06
a184.mp4,5a577a0a80e18c0ba677a389729c9c9c94c9239846e16cc61666fe66e1560739
a185.mp4,283ef6d0cea8de0dac267752994c101c379756587bf8d4249546e31d3eba3ec2
a186.mp4,98985c69d20468b5073096777afa6fd4551c85686c3623d655501b22409f1939
a187.mp4,4edc6351a8dc004f0a2d7938f30dcd4fac44f9106902177f7d294481af04716d
a188.mp4,cf2b9f037aa0da105e68afa1053bd11b393aef57d171089596afe406e95a8546
a189.mp4,3b237cf05c6f3c394fe30f79a2b0d83e915b41a6ab375d436f025008ef226979
a190.mp4,2d991c7df027eeb56090fbdffaac02e2e9b253691066462e3aac0b336d1a7aba
a191.mp4,d6b2e01e7c9d1be185713a9785acbb2616ec16f70432591431b5298e26a8c0c5
a192.mp4,8173f2a136c1d7fa8e2f09ea9660db8a2edaa0722ed2a70a846b60b8a5460b14
a193.mp4,cd9f25a4badc1045c5ae058b3cea2a57866cf7b067111e7a9ae1fe28da9a0f65
a194.mp4,41ac314b556b675a5d1fadb5b60e75745a3665364ded9b0a8dbc84ca5dc0968c
a195.mp4,d95136199b9fb019df16af4f81774c37f496eb9b014092f8aadb0b59e396e226
a196.mp4,23d022df2835c64ef051f150406a6dec9dffb33d39b441ff1078415ec8bd70a4
a197.mp4,09f463feb668f0ada3c9b24015b409f56e530ba11ad3f40e99d712956b9abaad
a198.mp4,30787e0b26443bc4fb8981d0681d5d3fd2dc97b1b2c024ae4931bcd8bdcbde9a
a199.mp4,bea1f271bf57365a9cfa0849b5065ac9fb00fe5df6c6c310968f40eca7c7973b
a200.mp4,f4a72e925e33318ee57d2d790929b4114e66e14a31a2f2dd79ea1e527bd4cc75
a201.mp4,3f6d38e41faa40375d1b05bd4637b33a5d0696f4036ff97a110d554986d0c1fe
a202.mp4,7bf59900fcb2887515985c652655d86e8111a59cf3e53f1cecd037e4b357c840
a203.mp4,685a8ae9588849b5a6000f71162a09e1e724bfcbcae29816fa413745b2c45724
a204.mp4,af82bd13cf03aa6103c18068d40f91368c3ab2a0670e37832b9df3c38006f460
a205.mp4,f4f000199978e6fc8a1257c67effc130d08ad657402bf6bc475ee3f04b281888
a206.mp4,52d1baea718a182f31b9b8ed2f24b538bdf8299c743ea7653aedb90e00e88718
a207.mp4,7f216ce364565a180088c5f1703688e682db45459242810bc9ec268f80d5804f
a208.mp4,a48023b9cb0014feb59521ae3558c781d615a928ececf66be4989d173ee8b1d1
a209.mp4,ae2e6c1f9b6b31764e422cf8d2fc47266515749abf0f79576c56caec0f2f8bb3
a210.mp4,c273fa2729926aaa5b4a51dd87cfe5090a1fabbd6638e15d0934e88aecd04a63
a211.mp4,6757152a34d686d400930f5e3e0740185ff5472642c4845017e4336a800ff0a9
a212.mp4,b4d314a5cba81d6a877dd05f2d41e5c7d696d37b0fbb769190f2dc487a492d01
a213.mp4,137ba7d773fbec2dc50238ee9965f7b10b0144b9f55ceb9cfc434fe364efae30
a214.mp4,ed014424dfcb6610e311bd23db316304bddd02c3f1b0e81b6f2b7c851b17cf91
a215.mp4,77defe5e6839336fdb57d415df17840f85c41cc67b98c9b9b2a34b5c88abc4b9
a216.mp4,08d0c2cbe87a06c27632dad26d41ae06f425314155c6eb62c001a96579f6e223
a217.mp4,7ad4573bd59ef5b49d2d1a946cac90cc43af943a797d7bcddfd803555c8b3808
a218.mp4,fd99bde72959f4153cb5d3449712169e97a9acfd6e57bf6fcae01f52f702649b
a219.mp4,4ad2431a78260125ff5dd4e153a54b26e40a5d7eb347466687220d05d63bec16
a220.mp4,162e55b6e20c6e19fb22df947d357b6160f115c3cedd0d67c0734b5e9182a92b
a221.mp4,d0724f6c43314b4d62522b16072e9788dfc4c7af9c0daa5a3166c78c6eb075ad
a222.mp4,52002c6b9d53535855f55b2837caed6837cb509f211610ef5b83ef21bbbac868
a223.mp4,20d8d4e5823adf74bd403bc04c64bcb243575325fc0c2432826e8cac31bd9a17
a224.mp4,aad1cd90a62c694108dcfa203e369219be59781ad1078b2e434a4a0158ba3209
a225.mp4,cb26567b891e3e9332d9e14b6e3c0fb1a9d86a6ee266b93137115bc901b78c11
a226.mp4,87df121aa49ded1d1006080e8c016fa96e53cba9c5273d8dc8624e997477c389
a227.mp4,aaba4d7626a43b2b06f79cc1f3441ebfd71c13f6ff9dae2c8a533f0f9653119b
a228.mp4,18223500a39f2abe1b025503255e17ce166027d2b800deaebaa876df33d3c002
a229.mp4,eac43af6f135046b5479d90826655e7db1029aa4fe022bce96e22e3479af97b7
a230.mp4,ee7a7ab3b16ffa6bebb7af2676baa946468ce38c700f784e767775ec0e504fe7
a231.mp4,5645bb44403e399ae23cad9007accde08aa4116c9d4c1a1010882af212703290
a232.mp4,309149f15c159eb56d36ca34ee4bb5643f1d6270bc226457c212f78fb9bd315c
a233.mp4,6191b347520bf8f4a058e121c6fe12f430d51c176af305e5b9c03cb120f33295
a234.mp4,cacd57565b62f9e35d981bd4085acb09abd0e065374a34c429a673fc920a72c3
a235.mp4,393a463d88029119971667f174d4c88020eb46133857cc7b13eecd8d55b18912
a236.mp4,0e5f7301e44c3ee451120bfa70b9eaaf4a209d5e1aa187cf1ba229402ae24c9b
a237.mp4,07883c94a77a2daf27f0626104bac646b4a9d699a4e2190357cf6fecbecfb2c6
a238.mp4,06fb2e511cc33255fc9bf65c6e7e1a3f661f9844aa55f4804a4cce297993a023
a239.mp4,3c219b8e613e9b93192ae85820b4011188f2cbf99e3c6345ff88366e667f7a7f
a240.mp4,3fb80e3f4ede1015842b039db2a7ae4e835e5cb1cfabe7bc3c4d6380c72ecc37
a241.mp4,c18fbffad86cdaf260d78421952a97cc776824e9d6540bd68c794aed34a1ea07
a242.mp4,e3deed9efec78663de8bba8142bcbd1e1362143f1ed616d948dd531ec9bf9345
a243.mp4,a986b8e46728716c193abbbac9c40b7ed1e4d75dd8ec4408cb9e8defbd0052bb
a244.mp4,ad8442e69e93e37e49d45b92181ffe7aecdaba1b7bbb07939dbb41cff0610722
a245.mp4,9449c7db873cadea5e383562de63ae5ad92f2747e47a90c245f9f8e90f9c8e83
a246.mp4,53fe37b98b963d98914cdf8ae3e530f7b76c54dc80c7f80925067a9f34dfd806
a247.mp4,f1c70f901cf8fdaacfcb92edb859a23fc758629281156839ce5be985914946f5
a248.mp4,5d1a88ac44f2aa271716a4a272eed6791ed68681883f84310441bc9b0b730c66
a249.mp4,c2b8f3d5cd1b2b8211eed4b6294c48494bfb9616be4696871bb82f6c118d120f
a250.mp4,8094b95440b79714006ea4de7a175ada126245943eb48d72c675e6e68d2f2996
a251.mp4,da4aaea4c31970f2dbec34fba6c44e71eafb1d180c9319add8c090562c0eb632
a252.mp4,18e174f92e6b8195c7f4ffdd9dad89b8a9944f496a4a963cda51a35c93e51aaf
a253.mp4,b58fbc5169558884d1836e4149b7c9aa5e1805f0093c38e8ca41089c7fa7ef89
a254.mp4,18368b904c3aaaf1e51d492cee292f149263cc9ea8e9ae393c752e4c336fc736
a255.mp4,54c6b470fdbdcde11081a7a8682547037c02b0c59e92bb8ad436001f57d92fad
a256.mp4,bf9c93c152d6c1901fe94dc5c2ba37cd9af5408c3a3c463ce48a8fab3b1c7476
a257.mp4,d7ec73025533c1d48af1657cd8e4a6f6ef4a666465a708f717ad66ee4530c7e3
a258.mp4,e81bdf199a8d4e505a8cba2adf7df88b2830e186f33a26aa4f48942667fa279e
a259.mp4,65e7fdd373c69677775ff5fca138abc18f9ea7033d206359b8d518bbdb23ed59
a260.mp4,91503029f6baa71ed7801eeaca1af34b26093f6bd346d97c547df1e5af319048
a261.mp4,9ac65d2a21a91fb6c27559f7e9a5f47e371077270f4fbf70369e877e020db03e
a262.mp4,10bd3ac6e58c4a14c8ab9279ac85d6095b27fdbcd2a980ab0db8ebc1fff682ee
a263.mp4,8a62a514d69141023910c8e418b1171d1718f9eccf9dc995bf81f575e64cc835
a264.mp4,a8c6cbf009bad4b84305168edeb39124509ea894b0e521bbd32ef52acf6ea995
a265.mp4,4784a36da39760547b99b3d372c0d1dedab9336a22c9641e173f25458527b15e
a266.mp4,d92536a16be7ed74cde72bd6dd4b7a87e7ae50f372387e0579b3f896264548d6
a267.mp4,12b087adaa1ede16a865158bdb2476ee122a912e9defcbe83a91fb015c4593de
a268.mp4,595fd6b51c0b5a9f33f38a488152a1e70def977bc9ec6ae25c1aa5df2eb06903
a269.mp4,20db97670660191ebefa6976b154a17f95252a8a91fafea6ff4efd19bb8e33f4
a270.mp4,4f59cdac4cf6e60ed08b778669d743f322c0bf28947993cc65b6c155e1896661
a271.mp4,45d2b1ca0c6edf04c863b62486830330b2c5d07d1356a5a38b7bdb77ea6f0b79
a272.mp4,e7c8eda1c093c46b98aec4aa09c2d612848f1a23ab31a839dbb79fb7adc283a5
a273.mp4,244423e67f5bc0cc447a8bf534064599e3a87bde572cd14293ecbb44117ba32f
a274.mp4,a5c07260a57f49e6155da5cdee41bcd3ea8a35eb2354e3814aafaaab9b497837
a275.mp4,5e531ca8e3880d7b09a920282fd76113aef04e0ae55315b3b117a201c2b7fbfe
a276.mp4,0a4ca491c6045cb4587ffb26cb94d40550940cb6bd6b147bf40f87d721e642ea
a277.mp4,778282e954bdc6c24172df08c4228a1e063f19338431beca6cf410c85658cd96
a278.mp4,b58f5cbace6c95d71dfc3e04eb0af6255239c9f65f3e289023ac789879f4a8d0
a279.mp4,8b28aee24094822ec735912e502ae4fda259965de5fdf60186767a94732db0af
a280.mp4,288fba5155e8ecd2ccb6d11143bbf5ea3fc20a99d8d5bda6069964d11cc579bd
a281.mp4,cb1ce5f7dbaf50e73fe0012d69fa41f11a22d95edc4f3a652afeff51d6d00de7
a282.mp4,df1a3669350ec41f840a51ecd539bcf9b3f84f9a7572b3d30cf5871f704f22db
a283.mp4,8b59b4aea7267ad5403b491ed97f60d82d7898cf8b4d873b29941d9b6652103d
a284.mp4,2bce31e89526ceb76c6752ab03d5fd4ee1ae1b4d99523c2db8fcb9600e8ae215
a285.mp4,d99cddd6db5b503543577fab9bb07d9fcd339b2aecdc81698069d0a78e9996f3
a286.mp4,95c327364dd85ad9101a7ddf291b396ee8e47baaaea2e8d1ae604d756b6603f7
a287.mp4,a24ad39157e8f9f0cd0a6fa2f1430539819f3aa5260da15f2396273ace11bb97
a288.mp4,1ae833d5217a4e8e4f032b015732baf16aa4fa6ca50af751e2cfd0c41e681acd
a289.mp4,cf238f800b72585cf583df383cf54f424767a9c633ff562549b9a13ff83ad3d7
a290.mp4,f1363f8ff238984a343b3b0b30ad374a7e8955cc5f8f2234a94844cf25de52ac
a291.mp4,f1e031735e8adffa5c26d1a93c2da6fe01e0af0311cc97b2a7de7423069461d9
a292.mp4,5213b2a9af1208355664c5e94b03854e586c9745e45386120d21bb9be208db6b
a293.mp4,d88e785e9eca0cdcbfb6beee3f313be9165258486a573c92d4a1ad5b9b888f5e
a294.mp4,314137c902fc09d41da7f53697f8982e0f92c77a43992391cb58fb3bac043f69
a295.mp4,726c5351b167a98cc3eec556f90565997c05196bc44803ed52ae57a4bd533ccc
a296.mp4,61e65383e472e111ac3abb91b0e0a868a1d62be51b3ce4faacc96459272e2ee0
a297.mp4,fb7a131b80c880cdf84b7e1241915056e4573d9cb8f5a21e875c5f15164ec536
a298.mp4,8b44d3e627a10be236913ef583410a4ec5ede34d7c7fc7ba4c5749a43eb9f9aa
a299.mp4,7b5e79e8b54387fb1012e0e48a9cd94ba1464ba97e4adb205102ded1dc53b3de
a300.mp4,6708175b89e5a3e0040828c85af3fda7ad21a0739c15bf20c4431f89657e8752
a301.mp4,6494bc850834827a797a0133d307eec4a0db87b1ed62640507a4da2c8c7903a7
a302.mp4,dd5bfe4296866d62290e4cbb9e0396b894227994c74175b43fbb2abec7b9c9ff
a303.mp4,7e5ff4e6e138ac9b4b7104fb603c1db7bb7288ac157bb3e9a66ceb8698043671
a304.mp4,f7be16b77ce2abe65c445c807b38dd36c9094fe2cc2f004097bddb0ebbf87bb4
a305.mp4,54285fa9106721e62ef526ee098e727f906a4e756c9d4dc9633057aede0e707d
a306.mp4,bf91b63160b60c8c60875db8031d05bb338d32d8490ec9d15c70add3a6e8f080
a307.mp4,04c55b083ad48996c14013cea36c8180b7dbc47257ed62c4a6ddd0e848d12d4b
a308.mp4,fd6327050bdc59747f7013461aaed5ad6001d37196ae35e438ebf3ad6af10682
a309.mp4,81ff280adaf151cf2d8d28dace97bb0febff54845f9d52439e341475e79af775
a310.mp4,486a953d411ecd93b6dadff9cdc6e7783eb65e6a65267e06be795751e4bd594b
a311.mp4,665ad3d811980e179d1b31c654b6a1230629f2553580798ee0c8155b59058e1a
a312.mp4,887b824140a9918f624cade92cd1aafd8ccf8b4124125df17bf620e9e9c9f17f
a313.mp4,5b48dbb7ca0572c6e1932ba81d282af22c8a3ae83eaf32887e5c9a7378e1c40e
a314.mp4,25fbc2202ef0e87bb7dbe7043d077a44ce98a027edce9b6cf1206bdfd3bfbc55
a315.mp4,e49d1eef19bd90e2830c82c093b9958c4336762c82136763640c1e794e2bd2e3
a316.mp4,a084993c5b75c6b15abac886697ee8dd9d38eed71f83fa27e1abe82b1acc65c1
a317.mp4,d70dd5cd53037b86a140d137bd95b9ad78c273e28432f34a7474f4a2adb7bcb1
a318.mp4,439ee403b6a136914311685d4bfc8d8e447cf373c465b0d8432c502bebdf671f
a319.mp4,8ebbabfb13c391fccea7170a1496d0dd157473e5aa617f0318ae6ab0a27845c6
a320.mp4,174ed15033c92e799f1cba6169eb97ea34f99f7649b7434a52be9ac2f5d3bffa
a321.mp4,24dceb6f0e70f42ab6d64464f816eb3b8f663e8613c7a12aff69df8f097394ec
a322.mp4,fb0c25486bc816cacdfc8ddc03358354fe80e49a0446e8913c3062680ee03cf7
a323.mp4,182ac693b96cc1a95da4bd7140e6ce23338c359478bc726ca1bb3cc1ef4316d5
a324.mp4,c0da4dead1a9193cdff1e1dfb9cb39a73a2dd6fd511835e7dfe90e0bf3cd7f7a
a325.mp4,a6687056c9a2f7a374516b93aa0d3975f162c2a7633e9fe7376272b72331edea
a326.mp4,1bd809ee36ecabdac3d2cd5e74d01e8e5e23cef3cf2ad9b3b6090b9477b80a13
a327.mp4,42d90f3cd93aa6a36f1f706ab9c572d50c3caec2ebc5d59ff7eff07a39bc4ba6
a328.mp4,4db12d0332172b213e5d27f6e8f6898204c4364b1b3780aff79ee08c57b7d68c
a329.mp4,c1b6256b9c293e04ced5b0e1650a251a1b62aed7860e3c492f7835319d03a144
a330.mp4,bfe76605bfe62e7b7598379038fcfae765da1a588685dd9a77b2650fde9db09d
a331.mp4,a0690441fa9de6818673e716e83bff426c7c6e61a7a63c1d921f66466e72ad64
a332.mp4,eda7ed4fef7210a913b9cc9df6f0f39431e99e4bb718a293337714b4fa1d0cf2
a333.mp4,f43a47ed7bd8fa66565aac43b95ac59287c2835f0bf6a759f16ce52bc31275ef
a334.mp4,966105014e25d79d963a2d86627bce714d0731d0833b064d2eff1aef08fe77b4
a335.mp4,cbd9b823b3bbe4d82ea719732ef363a1051048a240e71cf13d02076b21291a08
a336.mp4,cd85ce090af4a19926e93a595847acb51f2ce8c49b9169f69627eb15a46773c4
a337.mp4,d4a92d2c364e5f81091dece4fec5ec2bdbca3ff22dff7e7ec47fe8c046bbb043
a338.mp4,9fe869edf3e4a46a78d78ec6481fe8b34dd1d6237f9fc3165f33b1a31578ef17
a339.mp4,21fcef54f547dbbae17c2e18c85e7f197805bd198eebf7716627722d601b5efe
a340.mp4,4f2fba0b410884e9b3f9129d4c72c3f1a2512a0950f1fafe48a6f4f43a4dd94a
a341.mp4,3e874e6c7be08f2f59b05ded340c0f4df3f86bb3bf59f719efaf48f0de9ee605
a342.mp4,99ec0465a4f4c6831d03050ccd607897e772104557c713689f4b62954cd64a36
a343.mp4,bd7a231bbdc988ec9109b7bf53e7a3562a454be9a7f90f7e30f1f60d7f3eea63
a344.mp4,b00d4060b8a575c573473de0d77265f0a32db87581971cbd64522669f271b37e
a345.mp4,54e318aa2c7c462f93cd01a378385409a5ae7305df3395474c7eb78a17e5572f
a346.mp4,a67cee699d55f745992cbd56b609f76aac79b3d79d4cb16a3653b7710d46a267
a347.mp4,531ae51aecdb1ca06fb2c417dccdf042e34045e7e444deefb1a405fae22910df
a348.mp4,b0529ac8e12cf4c596bb0bd8721cf1990bc38079aad20bd1138dada9500ec206
a349.mp4,504c293007ebdf1b529c2ba6932151ded1a03c7d084a99ef98d5bc9849a5a7d0
a350.mp4,eead57cfb39d4161a6a20c2e4702c96b7ccaeba8f843ec12e4e76121de7267fa
a351.mp4,2d9c5d569e4863b294849210cf89a08a4393cf998b4c2fd74e53d4488cee12c9
a352.mp4,d1b789a5b9fd84f2bcaff69db627e71dd7283474a82ecd168758971dbcd0a1ee
a353.mp4,94858c2f2f1122156015f472abe10fcac8585f79fa4b4703567b6496f3f21176
a354.mp4,8a82fc419dc41e14ef16897d1a7932c16b2ccaaf5b919897c01b9c3959699f1c
a355.mp4,f01e0785b1b943d6f0cb64085899d739311d0df05ece1d58ce752e0004f3e8f0
a356.mp4,6405e3d08f8735d84a083d7e0bc7fe79044adea6ec436b480cf32fbd3749f88c
a357.mp4,d9be306c050431d5999d6dde8cb2841d9926d7b770c68206ffa972920b4ceaaa
a358.mp4,f86fd3f4461b31492f1962948b4f89e5e879e9d6a913743bd28a9910d0d3d065
a359.mp4,1682f86a3d66aebe018b5ef0c2915a466629c3d7f09e701d70f1516593de6f9a
a360.mp4,2221198baf033cb548e9da1c3bf9d2f0c0979d3ef1692aaa80ac0e542d08d676
a361.mp4,9aa7c65c79d3364d49abffda857eaad97467532ca23fa0138abe6e2cdcea826f
a362.mp4,5ec49982f3eb4d54feef5ce00a07096cdac80615ee4badcd4593cd732def0dcd
a363.mp4,970f4600b75c106507353272fe0f55fd8f289f24693c6bffe868d8b925df9032
a364.mp4,d90e26dd94246fd464706046399824058173be90b8ebaeaeb9e2005ed9de905e
a365.mp4,b6d7d29146941ed7132013c4f6b9f09aa752464cd94156d8ee27f9c43fb7cc11
a366.mp4,e0519a5d14b7b1a30b21b0392a6bb34bdaedd4ebee84115c81acbb89aafa56ab
a367.mp4,820245726cf7b77d77da1b545d2e82ca60e686ab24133f261aa1ada6b3fc9b52
a368.mp4,2483a27d0e52d55ad75364400ea9f49aed910077cc16c47aade6734f3ea329f4
a369.mp4,33a8c53cf905fb49f6868b34d9fd11ca7687b4d7533548cb21b2e29cf8cffcb3
a370.mp4,88ff1596259d06770bfc9e33b4c71c0cf0564064a005620a6a823386b88ef4c0
a371.mp4,d83a26b974bdd5fdc947f23d78c5aafcf07489f370b87b68bba1ff7c2f46c97a
a372.mp4,ddeada8f44eaeb06334035db4d7780d0342fb28df0b504c87111c7f010321e88
a373.mp4,eddefecdfcc7fe3a68ca9043ee0cbbdecb8dc3ccc39dfcbcd252a8b907db365d
a374.mp4,3a903ae74e069880c8c1c05bb5dfe4707bdb74933bbd047e95df9ea2e095f99b
a375.mp4,dd6932d1d4c7c47ddfafa83eb7f988b3b1c189791df7406886d3016b7bc31d65
a376.mp4,f7f7f5eb91d8b5087e02feab76af58c432f806a1562bf422f24d7d0105f34e5f
a377.mp4,9cea8735f4799ae9236d2340821d5a66a34c0e15deaa6b499c5979fdec57821f
a378.mp4,3d3c0c65271e19d9d431dc81ed8046b370c8344c51d545fdb1a417acaed1f433
a379.mp4,273f4336aef7064e742350f58f1badc23184de0147fb3a24e776d39eecd82dce
a380.mp4,078cdd15de9e070f592cd7d341fbe39dabec2391a8a83d50027d464177b9fd20
a381.mp4,6f5e0c722a9df8ccd4c149e862eb05eecfc8604ec007bb348a31c199d99de190
a382.mp4,a04256efd3900041b22f2d472c71449f59287cd2c53969e42299f62425cdaea7
a383.mp4,d806e801ca2b235955fec41f4985df7949837931aa3fae5b382e6c4ef2a466ce
a384.mp4,b8b40bd92a33af0ccc890438e4ebc7f9f5f062725d6a7b5b19b61d553be93040
a385.mp4,3c2ad167ab6800f5500c57bf360db312052c1afad02fc32c477bc8fbc7d0cc5b
a386.mp4,413591d2fcb85a338eeafd63c2eae8fc154b3056f96b2e956f130f5a019dd39a
a387.mp4,fc32a3bbb40762cc38ba9c16c7316b95510fd2913bac3662c40e428461116ae4
a388.mp4,2dbee08d4d9f10fe2a2d9d568973a2527dd97b574a5735e183177c4eb9e9064a
a389.mp4,29da5679ddcea0eae303dc896cb3bf8176b17a01dbe5a9f4beb716e1f9e6b535
a390.mp4,472ab14bf95b85a5f26ef7e4c15208624530cb215936c4e10aea8b0c86f3c2b5
a391.mp4,1ec0576c62bf24e2068eb7420b4777241f3cefaa7d22ac99de36acba7234de98
a392.mp4,7f9c76aefb2a55eec8a8e51706db2db2c451a83937029cc915724e28257b84fd
a393.mp4,19a986957b2200ff0aa8cef7ddaa03726902ac1e13b119b1a0f6b13536ea1bea
a394.mp4,f31d33914ea0e3b42e6527e99cdc8b73a1757298332e9b925aab8b3d733a8084
a395.mp4,3eaa0daefccc5e654d30200e8e307dfb3671bb58894e47d8ab100f8dc865a372
a396.mp4,092d51d3eb70232158de111bf71ffc80e3c370ab2f947d0f90d108c686b033a8
a397.mp4,bbdcc0d0ff55469bf04ef9559ac73204d52261d0877a6c3b17a84288ec6eb8bf
a398.mp4,c89fb3d19f1837dc43d3ae112e6ec98cfa5fd786f3572b2c11fc1d875a880ab6
a399.mp4,62216f84ac763d02b43f07bd40f5a7593c52ee2baf49c379b270a7f00824049d
a400.mp4,e5bb562a43eb09fcfa682a9c16953607ad843bf7d1129bc109e2212f093753a1
a401.mp4,dbafa54de36abd774faadf97d80248d90555effda51bf9350afac7d68036b8c1
a402.mp4,e21dce7b1e123c36c7feb55017dc889ce304d307197337c180f7e2b5d4c2e8af
a403.mp4,264d21479cfbb3054a3634590c820dbdb0411599357aa25f5ce2783aeef97a83
a404.mp4,9c08eb43e70bca0995ef2f70e3e8cd3fca45c975aac40bfd7b688f781902e37b
a405.mp4,c5935e2aaee503f3c4d79dfe0272823089ca859a914f38c351592ce65413b10f
a406.mp4,b40c922d04fd9214daac53fc2be25626fe158b9616ecc8a6572111e7703578bc
a407.mp4,f51e80f71dda6eb01a537e5a23ac60b481170264138371613008f0e44fba9fc2
a408.mp4,448570a5ea0aedc46fda2909527b4d2727b5e85248e6f904340c0a2f718557d3
a409.mp4,7ca0c555e7d308c24e4b6f656d5c79b530cef1bdc7db54d1501a34b9730370cf
a410.mp4,45d5ab3860e9c9bb62ffce50ae8b623aee2bddf5969321265865b85071c272e3
a411.mp4,fb17097af7b91b75daa6ec872e68e9bc29cc8fc0af73149f0832c484da75ee4e
a412.mp4,9a3ce38347228e942aa90e56a6e59ca94a28e3164d3b72b2f6e09dbc2beabe80
a413.mp4,43af0dcef2a0f640edb90f26cad6dd951f1169c40d5ef1f11650f54f9f9cbe25
a414.mp4,c14c4986ecb2fdd76c72bf7d47c3c235e3ec4540311d8dab26965a1235d45a93
a415.mp4,1668c1ef385d598229100c20e7069e3894ededbcf90e1cf031b799a30007fb62
a416.mp4,75382c188c1c5db7a532bce4c1276df2aebd2545e06f9d9966807aa3c018ca54
a417.mp4,307ce8d7e087f1ad5b0ee18c9c6ee0afbf7ea6b6929d81c37c1eba429d9cb75d
a418.mp4,b60a0677046b84b1cf9bf4dbcef0bf0764a9ba82642096d86d3cbe5713ea7c09
a419.mp4,1445447c47427bf26fd883d0fbc1e85192e13bf58729b9a62e5ea358a48977ed
a420.mp4,8e8bcb5a0071f35a592f5442e6c81b84ed28acd25e8aeb37920ef4651f5067f0
a421.mp4,14631b34fb6618772c3fddefd31db46d8aa123ce3494a3dce8a475543a57f9d6
a422.mp4,da3f456e161382fb4bb376bc299c5176bc1963e857fb978e6006c08b1bc715a9
a423.mp4,61ceaf383f4d684f11ca048942be749943ee8c1f8a97919b57974ed27eb261a9
a424.mp4,2a3abbffc8b0746070713e02604ea85077dbcf930ecf6972c9d6352834942d11
a425.mp4,75bdf294dc5c3a0dc03149de042bec4f151157689dbe7bb76aeb2638465b66d6
a426.mp4,44609ef1eb622f51482d859c5d98ccbe9b62101ed7243a20d9acdc913d6f9328
a427.mp4,91ce60de79ae0d1686338752d237e63ad05c3a9ba7c16f1cd6e3d222dfca035c
a428.mp4,25febd928d97efb4b1187713ef1a8f9387cc9f0c17236979a88eca71893a518e
a429.mp4,5fccd37fcaa433f5be340c8a91fbd7e571b00d5b8d169b56fb83d3b90be3555f
a430.mp4,489f84d3e268f0e3bc4f5817aaaa6e7bda435db935b3be6cf79bd607026d00ea
a431.mp4,53594e7a3bd1773108cd02cbd8b65c4305d889acea4377758da5b36b3602b592
a432.mp4,85c0c20b3a087b0272726ccabac6e6ee5ba673511a0d780f83ee71408dc86a7c
a433.mp4,b2c8107041be4f4253b5b961d9d9a0ac1e1a69190352f222eb6c1c59bffe0492
a434.mp4,2b783d937b0286a4fa16c9988309b65b06505c20ec5a143165bc5e4f42b3f412
a435.mp4,f9d236ab87228c2f23278f145b0c64b6ef57144f9e2619cdd7bfa292c10cc52d
a436.mp4,06aa41891a811b303b52f895791df417034a5d706ecbc10fceca9fc64aa5c81e
a437.mp4,6d34d03f064936b693add787640818511a6b3ed564964980d0dee3b39a51467e
a438.mp4,249e41dd3e5f2579af931ba2353b8957f37d23583ed684f1ee2ea9c5df5b10c8
a439.mp4,1a1aa821f01ef78cd702ad35047a052476c0fbef7462b672e27dd85e061cae75
a440.mp4,e8a43cfff0127cd8b8457b634420bbc4e5fa57b3e081618474e38c2373b848e7
a441.mp4,c78a0b8fd604573bbe6f4887fc7ccff680b0be005eca75c4a7c0f9ae4ec042ed
a442.mp4,988e4f07367d811b4d3c5ef8608cf73312ab7432248b04edbddf566052a96619
a443.mp4,a66bf3bab5c9621e79a9d38a8c8b52e2a8c1211d659f678b74d8a55f927bbaea
a444.mp4,ab06b78940d9799e45b073c1221c62a57e53b33db7ec1195250c8674593fd980
a445.mp4,fbe7d482eaa5899bd6d344bbf2408f0bb96219e026b157a9c146014bf0d991f1
a446.mp4,a6da0c7e3f82adf4903de27620a6515ce024564994723ec9e8c4f8ae76622de3
a447.mp4,16dfb0a9017232f1e72fcc2756f45df61df14afd1a2850a57f261f71ecc2d59c
a448.mp4,64105e4ac3503f3e4dd9338d6ecdd6b9d44c22df0b78881f49794d187063e980
a449.mp4,a3617e2ef802df8502f8997fee525441f68fd0456bff6618e249a06e6037a8fc
a450.mp4,3046df05eeca1ceb9ecc53388de5e4c765faa3168e31dc24343d7735a58b884d
a451.mp4,a353154d3787a8a0cd51e9f5069c18868641b364146782cb5edc0bbb858ee470
a452.mp4,890265df65c4231c81b503bec9e380bf5e6bcd8b8ede35b6cee4f7cde635bbcd
a453.mp4,86ab0ad0b8650938b6355bffbe0b62b63f8eda456aecf341b58dfefab122f502
a454.mp4,7e0ba117226f357c18bc9200d32e7b47cd3a37dee85a364e93d68259a4412d56
a455.mp4,441f3389ce22c8eb4c2b0fa4ece560a608445947af68b6393c9f215b72733f6c
a456.mp4,6db5c9ec4a630488cedaa8c3e3188d5c455c11f53fa4b395482129702abf3935
a457.mp4,6ea15e48c8488d7afe7e943fcd3042ddd1aaaf3f007edf5bbd75d3944d6d2509
a458.mp4,2a480d439844fdcacd42d2e397d1f845b3a4e186242733ea07734af20d3d2e0e
a459.mp4,487b565713d5234e19322241fe9a17e8a7b0154936f9296b46b6304a08cececc
a460.mp4,6370ad0a44400cc2f05d0f8223d7d272e7d29fbbfb39cc9d1ef52375c18a7783
a461.mp4,8a10b7761c3585aa2c4e9c47ffcb36c0ee6fcf994819d6db5ef11e0a93bfafaa
a462.mp4,877f80dfe0da541a8125c06d31ca0ffb5d428df80f383f3998106b10694c6201
a463.mp4,6ea5acd39adc23c396dd5a7395cb18b5b497fa07cfb581a130459743e7492ce6
a464.mp4,f6b7d577767affa95081e3c28bc669c9806d948dd5056a90d6d18e319f130fdd
a465.mp4,7bea9ab1b28214ab3825603f11d3985f547faea6a1528b35a825ea1d11b177e2
a466.mp4,4b88a8b58ffdfd695f32a00c878b86fc2822a8b1ddcd823d319a07bc7102380f
a467.mp4,25c00341c7dfc11c128b03c0346bbf93f8c3763cef98addc94dda19be037d6b1
a468.mp4,62d302b26c6478624c0852aa8b7f071dc7e9445c35c52458a8864418c61196d7
a469.mp4,688b7fc6881ee31d026a3a658238a1c0db1b3f45ddd6e870cebda0562aa03478
a470.mp4,145a0f90e87b4e2c8d1cbf9bb93b44f6a5c20986f9c72c23a3ecc2c70b8aac54
